Time[s], Data[Hex]
0.000000000000000, 1
0.285921910000000, 3
0.285921940000000, 1
0.285922260000000, 3
0.286120220000000, 2
0.286460240000000, 0
0.286611620000000, 1
